Run_ID,Strain,Methanol_Strategy,Duration_h,Samples_Collected,Final_Biomass_gL,Final_Protein_mgL,Final_Viability_pct,Complete_Sampling
KP-B1-Run-02,KP-B1,Pulsed,120,11,23.97255035213656,28793.074181220443,90.427681620331,True
KP-B2_run1,KP-B2,Continuous,120,11,18.46908144540912,29639.432304798327,92.57773718338106,True
KPB2-run3,KP-B2,Ramped,120,11,18.8093939595881,33179.9640390101,90.7001347196154,True
KP_B1_run1,KP-B1,Continuous,120,11,22.909823207179947,28800.65365797072,90.73222940906868,True
KP_B2_run2,KP-B2,Pulsed,120,11,18.67650686893109,30894.760151028204,93.41059172598302,True
run3_KPB1,KP-B1,Continuous,120,11,22.274297136931818,30840.809180528555,92.7537808762638,True
